Название, Дата, Отзыв
potato, 15-09-2024, Отличный продукт
potato, 15-09-2024, Замечательный
Машина, 15-09-2024, Плохо
Машина, 15-09-2024, Не рекомендую
Обувь, 15-09-2024, Превосходная
Обувь, 15-09-2024, Неудовлетворительная
Крутой самокат, 16-09-2024, Не рекомендую
Крутой самокат, 16-09-2024, Разочаровал
Утюг, 16-09-2024, Средний
Утюг, 16-09-2024, Хороший
Картошка, 17-09-2024, Вкусная
Картошка, 17-09-2024, Неплохая
Машина, 17-09-2024, Ужасная
Машина, 17-09-2024, Плохое качество
Обувь, 17-09-2024, Отличная покупка
Обувь, 17-09-2024, Неудовлетворительная
Крутой самокат, 18-09-2024, Очень неудобный
Крутой самокат, 18-09-2024, Хороший но дорогой
Утюг, 18-09-2024, Полностью разочарован
Утюг, 18-09-2024, Средний
Картошка, 19-09-2024, Неплохая
potato, 19-09-2024, Замечательный продукт
potato, 19-09-2024, Отлично
Машина, 20-09-2024, Плохое качество
Машина, 20-09-2024, Ужасно
Обувь, 20-09-2024, Удобная и стильная
Обувь, 20-09-2024, Не рекомендую
Крутой самокат, 21-09-2024, Отличная модель
Крутой самокат, 21-09-2024, Неудовлетворительный
Утюг, 21-09-2024, Неудовлетворительный
Утюг, 21-09-2024, Хороший
Картошка, 22-09-2024, Прекрасный вкус
Картошка, 22-09-2024, Неплохо
Машина, 22-09-2024, Не стоит покупать
Машина, 22-09-2024, Ужасная
Обувь, 22-09-2024, Очень комфортные
Обувь, 22-09-2024, Неудовлетворительная
Крутой самокат, 23-09-2024, Разочаровал
Крутой самокат, 23-09-2024, Отличный выбор
Утюг, 23-09-2024, Хороший но дорогой
Утюг, 23-09-2024, Средний
potato, 24-09-2024, Восхитительный
potato, 24-09-2024, Хорошо
Машина, 24-09-2024, Неудовлетворительный
Машина, 24-09-2024, Плохая покупка
Обувь, 24-09-2024, Отличное качество
Обувь, 24-09-2024, Не рекомендую
Крутой самокат, 25-09-2024, Не рекомендую
Крутой самокат, 25-09-2024, Неплохо
Утюг, 25-09-2024, Удобный и практичный
Утюг, 25-09-2024, Неудовлетворительный
Картошка, 26-09-2024, Вкусно как всегда
Картошка, 26-09-2024, Прекрасный
Машина, 26-09-2024, Плохая покупка
Машина, 26-09-2024, Ужасная
Обувь, 26-09-2024, Очень стильные
Обувь, 26-09-2024, Неудовлетворительная
Крутой самокат, 27-09-2024, Отличный выбор
Крутой самокат, 27-09-2024, Разочаровал
Утюг, 27-09-2024, Не оправдал ожиданий
Утюг, 27-09-2024, Хороший
potato, 28-09-2024, Хорошо
potato, 28-09-2024, Замечательный
Машина, 28-09-2024, Ужасно
Машина, 28-09-2024, Плохо
Обувь, 28-09-2024, Прекрасно
Обувь, 28-09-2024, Неплохо
Крутой самокат, 28-09-2024, Неплохо
Крутой самокат, 28-09-2024, Не рекомендую
Утюг, 29-09-2024, Средний
Утюг, 29-09-2024, Хороший
Картошка, 29-09-2024, Замечательный вкус
Картошка, 29-09-2024, Вкусно как всегда
Машина, 30-09-2024, Неудовлетворительный
Машина, 30-09-2024, Плохая покупка
Обувь, 30-09-2024, Отличная покупка
Обувь, 30-09-2024, Неудовлетворительная
Крутой самокат, 30-09-2024, Разочаровал
Крутой самокат, 30-09-2024, Отличный выбор
Утюг, 30-09-2024, Хороший но дорогой
Утюг, 30-09-2024, Средний
potato, 01-10-2024, Отлично
potato, 01-10-2024, Замечательный
Машина, 01-10-2024, Плохо
Машина, 01-10-2024, Ужасно
Обувь, 01-10-2024, Очень удобные
Обувь, 01-10-2024, Неудовлетворительная
Крутой самокат, 01-10-2024, Не рекомендую
Крутой самокат, 01-10-2024, Неплохо
Утюг, 02-10-2024, Средний
Утюг, 02-10-2024, Хороший
Картошка, 02-10-2024, Замечательный
Картошка, 02-10-2024, Вкусно как всегда
Машина, 03-10-2024, Неудовлетворительный
Машина, 03-10-2024, Плохая покупка
Обувь, 03-10-2024, Отличное качество
Обувь, 03-10-2024, Не рекомендую
Крутой самокат, 03-10-2024, Разочаровал
Крутой самокат, 03-10-2024, Отличный выбор
Утюг, 04-10-2024, Хороший но дорогой
Утюг, 04-10-2024, Средний
potato, 04-10-2024, Замечательный
potato, 04-10-2024, Отлично
Машина, 05-10-2024, Неудовлетворительный
Машина, 05-10-2024, Ужасная
Обувь, 05-10-2024, Очень стильные
Обувь, 05-10-2024, Неудовлетворительная
Крутой самокат, 05-10-2024, Отличный выбор
Крутой самокат, 05-10-2024, Разочаровал
Утюг, 06-10-2024, Не оправдал ожиданий
Утюг, 06-10-2024, Хороший
Картошка, 06-10-2024, Вкусно как всегда
Картошка, 06-10-2024, Прекрасный
Машина, 07-10-2024, Ужасная
Машина, 07-10-2024, Плохая покупка
Обувь, 07-10-2024, Прекрасные
Обувь, 07-10-2024, Неудовлетворительная
Крутой самокат, 07-10-2024, Неплохо
Крутой самокат, 07-10-2024, Разочаровал
Утюг, 08-10-2024, Средний
Утюг, 08-10-2024, Хороший
potato, 08-10-2024, Замечательный
potato, 08-10-2024, Отлично
Машина, 09-10-2024, Неудовлетворительный
Машина, 09-10-2024, Плохая покупка
Обувь, 09-10-2024, Отличное качество
Обувь, 09-10-2024, Не рекомендую
Крутой самокат, 09-10-2024, Разочаровал
Крутой самокат, 09-10-2024, Отличный выбор
Утюг, 10-10-2024, Хороший но дорогой
Утюг, 10-10-2024, Средний
Картошка, 10-10-2024, Вкусно как всегда
Картошка, 10-10-2024, Прекрасный
Машина, 11-10-2024, Плохая покупка
Машина, 11-10-2024, Ужасная
Обувь, 11-10-2024, Очень стильные
Обувь, 11-10-2024, Неудовлетворительная
Крутой самокат, 11-10-2024, Отличный выбор
Крутой самокат, 11-10-2024, Разочаровал
Утюг, 12-10-2024, Не оправдал ожиданий
Утюг, 12-10-2024, Хороший
